{"cameraMode":{"drawMode":0,"name":"Shaded","section":"Shading Mode"},"sceneLighting":true,"audioPlay":false,"sceneViewState":{"showFog":true,"showMaterialUpdate":false,"showSkybox":true,"showFlares":true,"showImageEffects":true,"showParticleSystems":true},"in2DMode":false,"pivot":{"x":-2.796717405319214,"y":-23.227432250976564,"z":14.741015434265137},"rotation":{"x":-0.4473493993282318,"y":0.005899982992559671,"z":-0.0029516019858419897,"w":-0.8943360447883606},"size":46.66904830932617,"orthographic":false}